scenario_id,hour,minute,minute_of_day,day_of_week,is_weekend,actual_enterprise_gbps,actual_ran_gbps,actual_pon_gbps,predicted_enterprise_gbps,error_enterprise_gbps,predicted_ran_gbps,error_ran_gbps,predicted_pon_gbps,error_pon_gbps
200365,1,0,0,0,0,12.22419625,19.97128076,12.88177399,14.646998,2.4228021554565426,20.995476,1.0241950090429697,12.651969,-0.2298050340063469
200365,1,5,5,0,0,12.03152997,19.65651222,12.67874359,15.418118,3.38658755319336,20.995476,1.338963549042969,11.683309,-0.9954349886206053
200365,1,10,10,0,0,12.28586311,20.07202899,12.9467581,15.418118,3.13225441319336,20.995476,0.923446779042969,12.178597,-0.7681606497436526
200365,1,15,15,0,0,11.5742498,18.90943074,12.19686489,15.418118,3.843867723193359,20.995476,2.0860450290429675,12.082457,-0.11440830125488333
200365,1,20,20,0,0,11.44530928,18.69877416,12.06098825,14.646998,3.201689125456543,20.995476,2.2967016090429695,12.082457,0.021468338745117777
200365,1,25,25,0,0,12.30360773,20.10101926,12.96545726,15.418118,3.11450979319336,20.995476,0.8944565090429677,12.082457,-0.8830006712548837
200365,1,30,30,0,0,11.45975417,18.7223735,12.07621018,15.418118,3.9583633531933593,20.995476,2.273102269042969,12.082457,0.006246408745116838
200365,1,35,35,0,0,11.45588765,18.71605657,12.07213567,15.418118,3.96222987319336,20.860233,2.1441767368847664,12.082457,0.010320918745117424
200365,1,40,40,0,0,11.61321483,18.97308985,12.23792597,15.418118,3.804902693193359,20.995476,2.022385919042968,12.082457,-0.15546938125488197
200365,1,45,45,0,0,11.54277289,18.85800533,12.16369474,15.418118,3.875344633193359,20.995476,2.1374704390429677,12.082457,-0.0812381512548832
200365,1,50,50,0,0,11.64977081,19.03281318,12.27644841,15.234718,3.5849475127539066,20.860233,1.827420126884764,12.082457,-0.19399182125488323
200365,1,55,55,0,0,11.24224351,18.36701545,11.84699894,15.385947,4.143703717478028,20.995476,2.6284603190429685,12.178597,0.331598510256347
200365,2,0,60,0,0,11.70124849,15.9513457,12.91490914,11.709947,0.00869814238525457,18.07575,2.1244046509521493,12.014376,-0.9005334533544929
200365,2,5,65,0,0,11.07213672,15.09372958,12.22054551,11.753369,0.6812326113598637,18.21585,3.1221212500781252,10.941561,-1.2789847647607413
200365,2,10,70,0,0,11.89019612,16.2089224,13.12345454,12.052698,0.16250201537597597,18.285683,2.0767602782226575,10.873355,-2.2500996281958
200365,2,15,75,0,0,11.57900236,15.78469764,12.77998356,11.592931,0.013928433762206538,18.187649,2.40295113319336,10.985316,-1.7946672834497068
200365,2,20,80,0,0,11.98942689,16.34419551,13.23297757,11.782852,-0.20657471714843822,18.29886,1.954665039926759,10.985316,-2.247661293449706
200365,2,25,85,0,0,11.2484047,15.33402115,12.41509611,11.60388,0.35547522858886715,18.187649,2.8536276231933595,10.985316,-1.4297798334497074
200365,2,30,90,0,0,11.3153332,15.42525926,12.48896648,11.8148,0.49946706245117234,18.322891,2.897631975351562,11.196473,-1.2924933583569338
200365,2,35,95,0,0,11.69884149,15.94806443,12.91225248,11.568036,-0.13080541059326123,18.163618,2.215553657768554,11.006117,-1.9061356129345697
200365,2,40,100,0,0,11.19204506,15.25719072,12.35289082,11.655236,0.4631911842016603,18.117817,2.8606262050488276,11.152718,-1.2001732296679695
200365,2,45,105,0,0,11.58262962,15.78964239,12.78398704,11.616975,0.03434521062744089,18.239882,2.4502391255029305,11.005354,-1.7786331123876948
200365,2,50,110,0,0,11.38644901,15.52220557,12.56745847,11.951195,0.564745753183594,18.29886,2.7766549799267572,11.006117,-1.5613416029345704
200365,2,55,115,0,0,11.61188633,15.82952565,12.81627828,11.568036,-0.04385025059326253,18.163618,2.334092437768554,11.006117,-1.810161412934571
200365,3,0,120,0,0,12.90306315,15.34532695,11.3190499,11.166436,-1.7366269546264643,17.823322,2.4779953461425777,10.768909,-0.5501404456542964
200365,3,5,125,0,0,12.55413513,14.93035459,11.01295718,11.100777,-1.4533584576367193,17.595106,2.6647515348779294,10.730373,-0.2825837974316414
200365,3,10,130,0,0,12.50796056,14.8754402,10.97245112,11.20228,-1.3056805154443367,17.607801,2.73236123737793,10.550476,-0.42197504578125056
200365,3,15,135,0,0,12.41296916,14.76246902,10.8891211,11.100777,-1.3121924876367181,17.759008,2.996539387592774,10.730373,-0.15874771743164118
200365,3,20,140,0,0,12.38118359,14.72466715,10.86123761,11.166436,-1.214747394626464,17.607801,2.8831342873779295,10.774461,-0.08677681745849597
200365,3,25,145,0,0,12.55060191,14.9261526,11.0098577,11.1366205,-1.413981388454589,17.607801,2.6816488373779297,10.539588,-0.4702697254516597
200365,3,30,150,0,0,12.65030092,15.04472243,11.09731741,11.100777,-1.5495242476367181,17.595106,2.5503836948779295,10.763573,-0.33374471712890674
200365,3,35,155,0,0,12.54712245,14.92201456,11.0068054,11.1366205,-1.4105019284545897,17.771704,2.8496891600927743,10.539588,-0.46721742545165945
200365,3,40,160,0,0,12.70008878,15.10393402,11.14099318,11.1366205,-1.5634682584545896,17.607801,2.503867417377929,10.539588,-0.6014052054516608
200365,3,45,165,0,0,12.78501444,15.20493423,11.21549315,11.1366205,-1.6483939184545893,17.771704,2.566769490092774,10.539588,-0.6759051754516605
200365,3,50,170,0,0,12.54953328,14.9248817,11.00892026,11.20228,-1.3472532354443363,17.607801,2.6829197373779294,10.550476,-0.45844418578125
200365,3,55,175,0,0,12.56922662,14.94830256,11.026196,11.100777,-1.468449947636719,17.759008,2.8107058475927733,10.763573,-0.2626233071289068
200365,4,0,180,0,0,14.21465648,15.10030486,10.085576,10.952987,-3.2616697627758793,18.300196,3.199890833969727,10.466136,0.3805599786987308
200365,4,5,185,0,0,14.0784346,14.95559563,9.988923915,11.651391,-2.4270435706420894,18.665285,3.7096894804736333,10.509558,0.5206338089990226
200365,4,10,190,0,0,13.98791317,14.85943424,9.924697199,10.811083,-3.1768303300341802,18.386171,3.5267371009423822,10.143708,0.21901103006494083
200365,4,15,195,0,0,13.90858057,14.7751588,9.868409169,11.132844,-2.7757365987475584,18.784533,4.0093737469970705,10.18713,0.31872080536523484
200365,4,20,200,0,0,14.16162191,15.04396595,10.04794693,11.625689,-2.535933357143554,18.784533,3.74056659699707,10.376796,0.3288488387377928
200365,4,25,205,0,0,13.97289776,14.84348329,9.914043471,11.625689,-2.347209207143555,18.784533,3.9410492569970703,10.509558,0.595514252999024
200365,4,30,210,0,0,13.70132254,14.5549875,9.721355558,11.625689,-2.0756339871435543,18.665285,4.1102976104736335,10.509558,0.7882021659990226
200365,4,35,215,0,0,13.68280907,14.53532053,9.708219884,10.811083,-2.871726230034179,18.386171,3.850850810942383,10.143708,0.4354883450649414
200365,4,40,220,0,0,13.88515758,14.75027643,9.851790102,11.625689,-2.2594690271435542,18.784533,4.034256116997071,10.376796,0.5250056667377923
200365,4,45,225,0,0,13.84996415,14.71289027,9.826819676,11.651391,-2.1985731206420898,18.254229,3.5413383219189445,10.397596,0.5707766832529302
200365,4,50,230,0,0,14.0234532,14.89718861,9.949913544,10.811083,-3.21237036003418,18.784533,3.8873439369970697,10.376796,0.4268822247377937
200365,4,55,235,0,0,13.70998896,14.56419388,9.727504551,11.625689,-2.084300407143555,18.784533,4.220338666997071,10.376796,0.6492912177377921
200365,5,0,240,0,0,14.87526031,15.09727013,10.1570997,11.61789,-3.2573699520288084,19.600838,4.503567577519531,10.003428,-0.15367124083251937
200365,5,5,245,0,0,14.56665831,14.78406231,9.946380607,12.208117,-2.358541778627929,20.01189,5.227828101376954,10.003428,0.05704785216748043
200365,5,10,250,0,0,15.17082677,15.39724785,10.35891788,12.208117,-2.9627102386279294,20.053728,4.656480253637696,9.997836,-0.3610817670239257
200365,5,15,255,0,0,14.63119215,14.8495593,9.990445495,12.208117,-2.42307561862793,19.889826,5.040266520922852,10.008724,0.01827871764648492
200365,5,20,260,0,0,15.12444784,15.35017672,10.3272495,12.258871,-2.8655767615087893,19.889826,4.539649100922851,10.227413,-0.09983632250976626
200365,5,25,265,0,0,14.83523749,15.05664997,10.12977138,12.208117,-2.6271209586279305,19.889826,4.833175850922851,10.008724,-0.12104716735351495
200365,5,30,270,0,0,14.71102102,14.9305796,10.0449541,12.208117,-2.50290448862793,19.889826,4.959246220922852,9.997836,-0.04711798702392578
200365,5,35,275,0,0,14.47237786,14.68837475,9.882004194,12.208117,-2.2642613286279296,19.889826,5.201451070922852,10.008724,0.12672001864648408
200365,5,40,280,0,0,14.61377567,14.83188289,9.978553204,12.208117,-2.4056591386279305,19.889826,5.057942930922852,10.003428,0.024875255167479793
200365,5,45,285,0,0,15.26806659,15.49593895,10.42531501,12.208117,-3.05995005862793,19.889826,4.393886870922852,10.008724,-0.4165907973535159
200365,5,50,290,0,0,14.82613325,15.04740986,10.12355484,12.208117,-2.6180167186279295,19.889826,4.842415960922851,9.997836,-0.1257187270239264
200365,5,55,295,0,0,14.59620274,14.81404769,9.966554088,12.208117,-2.3880862086279304,19.889826,5.075778130922851,10.008724,0.04217012464648384
200365,6,0,300,0,0,17.82142068,18.23709824,8.146656364,15.507779,-2.3136415586010735,21.143772,2.906673885244139,8.849211,0.7025543751357421
200365,6,5,305,0,0,17.5927232,18.00306648,8.042112522,16.968271,-0.6244519445068342,21.720966,3.717899859111327,9.061129,1.0190160943330078
200365,6,10,310,0,0,17.52622082,17.93501295,8.011712473,16.75933,-0.7668900704882802,21.274172,3.339158879223632,9.04519,1.0334773844829108
200365,6,15,315,0,0,17.60877564,18.01949334,8.049450531,16.31284,-1.2959361319433604,21.720715,3.7012212290917965,9.000553,0.9511026001035159
200365,6,20,320,0,0,18.00801795,18.42804782,8.231955056,16.31284,-1.6951784419433586,21.613413,3.1853650370556643,8.93676,0.7048048927304684
200365,6,25,325,0,0,17.72064789,18.13397496,8.100590378,16.31284,-1.407808381943358,21.514008,3.3800326083593752,8.425646,0.3250554502470706
200365,6,30,330,0,0,17.93260923,18.35088021,8.197483675,16.75933,-1.1732784804882819,21.621561,3.2706808404150394,8.751298,0.553814275744628
200365,6,35,335,0,0,17.60505193,18.01568277,8.047748319,16.31284,-1.2922124219433577,21.538038,3.522355483784178,8.910304,0.8625557505190429
200365,6,40,340,0,0,17.55181099,17.96120001,8.023410439,16.39613,-1.155681381845703,21.720715,3.759514559091798,9.107567,1.0841563944960946
200365,6,45,345,0,0,18.1535908,18.5770161,8.298500366,16.75933,-1.3942600504882812,21.349546,2.7725303324951156,8.93676,0.638259582730468
200365,6,50,350,0,0,17.42238383,17.82875401,7.96424576,16.31284,-1.1095443219433605,21.538038,3.709284243784179,8.93676,0.9725141887304689
200365,6,55,355,0,0,17.63914703,18.05057312,8.063334117,16.31284,-1.3263075219433595,21.538038,3.4874651337841804,8.93676,0.8734258317304686
200365,7,0,360,0,0,22.96165858,19.43070015,8.592170159,22.17258,-0.7890778610058611,22.006495,2.5757943720947267,7.3137374,-1.278432766574463
200365,7,5,365,0,0,22.58734497,19.11394709,8.45210335,22.278269,-0.3090761559130861,22.006495,2.8925474320947266,7.1487136,-1.3033897612854002
200365,7,10,370,0,0,23.13671524,19.57883724,8.657675732,22.17258,-0.9641345210058603,21.967329,2.388491785268556,7.3137374,-1.3439383395744624
200365,7,15,375,0,0,22.48574399,19.02796992,8.414084626,22.278269,-0.2074751759130855,22.006495,2.9785246020947262,7.1791596,-1.2349249847341301
200365,7,20,380,0,0,22.84790793,19.33444164,8.549605073,22.17258,-0.675327211005861,21.967329,2.6328873852685533,7.3137374,-1.2358676805744633
200365,7,25,385,0,0,23.1023982,19.54979735,8.644834418,22.278269,-0.8241293859130856,21.967329,2.417531675268556,7.314069,-1.330765623749512
200365,7,30,390,0,0,22.7426337,19.2453561,8.510211835,22.17258,-0.5700529810058583,22.006495,2.761138422094728,7.1791596,-1.3310521937341306
200365,7,35,395,0,0,22.79433559,19.28910746,8.529558494,22.230255,-0.5640804630468743,21.967329,2.6782215652685544,7.3137374,-1.2158211015744627
200365,7,40,400,0,0,22.89374324,19.37322857,8.566756483,22.278269,-0.6154744259130851,22.006495,2.633265952094728,7.1788282,-1.3879282435590827
200365,7,45,405,0,0,22.09170145,18.69452178,8.266635324,22.223335,0.13163381611328262,22.006495,3.311972742094728,7.3137374,-0.9528979315744621
200365,7,50,410,0,0,23.03655667,19.49408068,8.620196753,22.17258,-0.8639759510058589,22.006495,2.512413842094727,7.314069,-1.3061279587495118
200365,7,55,415,0,0,22.77886044,19.27601202,8.523767752,22.17258,-0.6062797210058584,21.967329,2.691317005268555,7.3137374,-1.2100303595744624
200365,8,0,420,0,0,29.7061466,18.92378517,7.990347228,30.784195,1.0780483462890622,21.340416,2.416630784589845,7.3871546,-0.6031926488374024
200365,8,5,425,0,0,29.7243311,18.9353693,7.995238489,30.784195,1.059863846289062,21.407183,2.471813393481444,7.5003867,-0.4948517740646974
200365,8,10,430,0,0,29.30727429,18.66969049,7.883058716,30.784195,1.4769206562890638,21.407183,2.7374922034814446,7.3463244,-0.5367342721828612
200365,8,15,435,0,0,29.86601601,19.02562721,8.033348838,30.99671,1.1306938136083993,21.407183,2.3815554834814456,7.470693,-0.5626557265803225
200365,8,20,440,0,0,29.76575247,18.96175606,8.006379992,30.784195,1.0184424762890636,21.363737,2.401981046323243,7.3903923,-0.6159876885332025
200365,8,25,445,0,0,29.51359804,18.80112546,7.938555595,30.966154,1.4525560585107407,21.375969,2.5748434731054672,7.5003867,-0.4381688800646977
200365,8,30,450,0,0,29.77248314,18.96604372,8.008190405,30.784195,1.011711806289064,21.407183,2.441138973481447,7.3706827,-0.6375076886303717
200365,8,35,455,0,0,29.79810399,18.98236504,8.01508189,30.784195,0.9860909562890612,21.407183,2.424817653481444,7.376018,-0.6390638426672357
200365,8,40,460,0,0,29.58985318,18.84970247,7.95906667,30.993134,1.4032803649218764,21.407183,2.557480223481445,7.5003867,-0.4586799550646976
200365,8,45,465,0,0,29.9363202,19.07041327,8.05225923,30.96973,1.0334101771972648,21.407183,2.336769423481446,7.473931,-0.5783283942761237
200365,8,50,470,0,0,29.67128519,18.90157732,7.980970221,30.43805,0.766764126406251,21.375969,2.4743916131054675,7.470693,-0.510277109580322
200365,8,55,475,0,0,29.64203578,18.88294449,7.973102726,30.993134,1.3510977649218745,21.407183,2.5242382034814455,7.514761,-0.45834175493066365
200365,9,0,480,0,0,36.82232165,17.62864231,7.89466178,36.03211,-0.7902133431152336,21.311934,3.6832912074560547,7.9830236,0.08836186349365249
200365,9,5,485,0,0,36.21910738,17.3398542,7.76533336,37.75362,1.5345127677050812,21.235603,3.89574913251953,8.456306,0.6909730975195316
200365,9,10,490,0,0,36.37727435,17.41557645,7.799244171,37.472622,1.095347567724609,21.311934,3.896357067456055,8.046816,0.24757170119238303
200365,9,15,495,0,0,36.11012462,17.28767884,7.741967588,37.88762,1.777494398554687,21.211573,3.923893807094725,8.258645,0.516677469678223
200365,9,20,500,0,0,36.49131911,17.47017524,7.82369523,37.472622,0.9813028077246102,21.235603,3.7654280925195316,8.456306,0.632611227519531
200365,9,25,505,0,0,36.42997974,17.44080909,7.810544143,37.88762,1.4576392785546872,21.235603,3.794794242519533,8.258645,0.4481009146782222
200365,9,30,510,0,0,36.61063558,17.52729786,7.849276539,37.812477,1.201841531816406,21.176952,3.649654502060546,8.581764,0.7324876821914064
200365,9,35,515,0,0,36.95905634,17.69410388,7.923977533,38.06034,1.1012845413476597,21.235603,3.541499452519531,8.456306,0.5323289245195308
200365,9,40,520,0,0,36.82612915,17.63046515,7.895478104,37.812477,0.9863479618164064,21.211573,3.5811074970947274,8.581764,0.6862861171914059
200365,9,45,525,0,0,36.61028622,17.52713061,7.849201638,38.06034,1.4500546613476573,21.235603,3.708472722519531,8.395751,0.5465493614506833
200365,9,50,530,0,0,37.06428049,17.74447982,7.946537466,37.472622,0.4083414277246078,21.235603,3.4911235125195326,8.459544,0.5130067158237308
200365,9,55,535,0,0,36.31588537,17.38618655,7.786082447,38.06034,1.7444555113476596,21.220648,3.834461261889647,8.392513,0.6064308281464843
200365,10,0,540,0,0,39.19900126,19.07838766,7.469403452,41.080776,1.8817749545996065,21.37244,2.294052678134765,8.172397,0.7029932078510743
200365,10,5,545,0,0,39.45911678,19.20498744,7.518968688,39.67739,0.21827427224609153,21.253193,2.048205461611328,7.6276026,0.10863388920947248
200365,10,10,550,0,0,40.06431311,19.4995401,7.63428937,41.292072,1.2277591861425776,22.84187,3.342329254248046,7.6005917,-0.03369771045410186
200365,10,15,555,0,0,38.98304581,18.97328086,7.428252955,38.833862,-0.14918350531250013,21.268148,2.294867562241212,7.6308403,0.20258734651367227
200365,10,20,560,0,0,38.65254395,18.81242363,7.365275541,41.819725,3.167181086621092,21.37244,2.5600167081347642,8.364901,0.9996250479892579
200365,10,25,565,0,0,38.90208385,18.93387619,7.412825584,39.598663,0.6965794800781282,21.444498,2.5106218721337896,8.327589,0.9147634510341796
200365,10,30,570,0,0,38.93341053,18.94912307,7.41879491,39.819122,0.8857117844531217,21.37244,2.4233172681347668,8.518753,1.0999581417578126
200365,10,35,575,0,0,38.47586915,18.72643495,7.331610005,41.654263,3.178393392724608,21.3235,2.597064729565428,8.451931,1.1203209947558594
200365,10,40,580,0,0,38.90454786,18.93507544,7.413295103,41.080776,2.1762283545996084,21.268148,2.3330729822412124,7.6308403,0.2175451985136716
200365,10,45,585,0,0,39.99030383,19.46351934,7.620186839,39.819122,-0.171181515546877,21.3235,1.8599803395654284,8.455169,0.834981885060059
200365,10,50,590,0,0,37.85381653,18.42367823,7.213077343,41.654263,3.8004460127246062,21.3235,2.8998214495654295,8.455169,1.2420913810600585
200365,10,55,595,0,0,37.39274733,18.1992731,7.12522021,39.058575,1.665827346513673,21.33782,3.1385469531005867,8.528552,1.4033318453588866
200365,11,0,600,0,0,35.27995728,20.62012169,9.651272886,38.71392,3.433963313261721,23.760414,3.140292433535155,9.712726,0.0614527533432625
200365,11,5,605,0,0,35.82581657,20.93916077,9.800599513,39.146328,3.3205114024121087,23.89898,2.959818417011718,8.798483,-1.002116618102539
200365,11,10,610,0,0,35.58308586,20.79729165,9.734197495,38.616142,3.0330564129492217,23.254063,2.4567710025878924,8.798483,-0.9357146001025392
200365,11,15,615,0,0,35.94241486,21.00730913,9.832496431,39.188164,3.2457488973242192,23.58648,2.5791700570117193,8.714126,-1.118370797760253
200365,11,20,620,0,0,35.73196566,20.88430761,9.774925424,39.188164,3.4561980973242186,23.480436,2.5961287150732417,8.798483,-0.9764425291025383
200365,11,25,625,0,0,37.11774747,21.69425728,10.15402334,39.062634,1.9448860444042992,23.361616,1.667358854643556,8.998013,-1.1560107972753908
200365,11,30,630,0,0,35.81442349,20.93250185,9.797482794,39.073586,3.2591620202539033,23.361616,2.4291142846435534,8.998013,-0.7994702512753911
200365,11,35,635,0,0,35.61831314,20.81788098,9.743834358,39.188164,3.569850617324221,23.480436,2.6625553450732404,8.798483,-0.9453514631025399
200365,11,40,640,0,0,34.8697111,20.38034459,9.539044922,39.062634,4.192922414404293,23.361616,2.9812715446435547,8.998013,-0.541032379275391
200365,11,45,645,0,0,37.62616252,21.99141127,10.29310663,39.244884,1.6187219709667957,23.980137,1.9887256013378902,8.714126,-1.5789809967602544
200365,11,50,650,0,0,37.94802012,22.1795278,10.3811548,39.27112,1.3230980440624975,23.958832,1.779303987109376,8.714126,-1.667029166760253
200365,11,55,655,0,0,36.93438192,21.58708538,10.10386141,39.087982,2.153600257734375,23.49169,1.9046043020068346,8.998013,-1.105848867275391
200365,12,0,660,0,0,34.39889977,21.78834962,12.19036798,39.022556,4.623656534931641,25.164198,3.375848301752928,9.525543,-2.6648247671093745
200365,12,5,665,0,0,34.64470694,21.9440445,12.27747774,39.022556,4.377849364931642,25.541685,3.597640604370117,9.521394,-2.7560839640600587
200365,12,10,670,0,0,34.71668333,21.98963453,12.30298492,38.899765,4.183081684648435,25.62379,3.634156210966797,9.335853,-2.9671322970141603
200365,12,15,675,0,0,33.80548166,21.4124771,11.98007099,38.588425,4.782943022617189,25.521534,4.109056866064453,9.521394,-2.4586772140600583
200365,12,20,680,0,0,34.22501743,21.67821211,12.12874713,37.911922,3.686905024833983,25.627577,3.949364718002929,9.585187,-2.5435601716870124
200365,12,25,685,0,0,34.79328794,22.03815608,12.33013225,38.465878,3.6725895929589853,25.541685,3.503529024370117,9.585187,-2.744945291687012
200365,12,30,690,0,0,34.0885103,21.59174815,12.08037139,38.519978,4.431467269580075,25.541685,3.9499369543701164,9.585187,-2.4951844316870115
200365,12,35,695,0,0,34.41302437,21.79729618,12.1953735,38.8267,4.413673933222654,25.541685,3.744388924370117,9.521394,-2.673979724060059
200365,12,40,700,0,0,34.90096441,22.10635863,12.3682909,38.73356,3.832594244785156,24.771458,2.6650990421191416,9.335853,-3.03243827701416
200365,12,45,705,0,0,35.44727459,22.45239287,12.56189367,39.022556,3.5752817149316414,25.490694,3.038301176020507,9.585187,-2.9767067116870116
200365,12,50,710,0,0,34.7961782,22.03998678,12.33115651,38.34581,3.5496317365234376,25.541685,3.5016983243701176,9.585187,-2.7459695516870113
200365,12,55,715,0,0,33.75317106,21.37934343,11.96153303,38.7726,5.019427206601563,25.541685,4.1623416743701185,9.521394,-2.4401392540600586
200365,13,0,720,0,0,33.68417765,22.07682667,12.34773716,37.221058,3.536880241845701,24.47216,2.3953336693554697,10.852016,-1.49572071102539
200365,13,5,725,0,0,35.14290402,23.03288531,12.88246804,37.46402,2.321115755390622,24.855013,1.8221275836767568,10.787065,-2.09540348769287
200365,13,10,730,0,0,33.64441662,22.05076703,12.33316181,37.225925,3.5815088255566394,24.533995,2.483227644682618,11.456839,-0.8763232022119141
200365,13,15,735,0,0,34.88179937,22.86175565,12.78675391,37.43722,2.5554221570996063,24.758303,1.8965470385986336,10.951266,-1.8354876212426756
200365,13,20,740,0,0,35.5325421,23.28825662,13.02529915,37.43722,1.9046794270996088,24.758303,1.4700460685986343,10.787065,-2.2382345976928715
200365,13,25,745,0,0,35.03250308,22.96052783,12.84199794,37.43722,2.4047184470996115,24.855013,1.8944850636767576,10.951266,-1.8907316512426764
200365,13,30,750,0,0,35.5871024,23.32401579,13.04529953,37.27532,1.688215745751954,24.618732,1.2947166623925774,11.136807,-1.9084920882885736
200365,13,35,755,0,0,33.34458953,21.85425843,12.22325305,37.486614,4.1420246972949215,24.24638,2.3921214222949203,12.073644,-0.14960936561279325
200365,13,40,760,0,0,32.73229417,21.45295611,11.99880161,37.8,5.067705067060544,24.715443,3.2624865474707043,11.163263,-0.8355382890771477
200365,13,45,765,0,0,33.61420145,22.03096382,12.32208572,37.225925,3.6117239955566376,24.65226,2.621296006660156,11.122885,-1.1992009696337895
200365,13,50,770,0,0,34.2191609,22.42745813,12.54384801,37.19913,2.979970111962892,24.758303,2.3308445585986313,10.787065,-1.7567834576928707
200365,13,55,775,0,0,33.51710871,21.96732861,12.28649406,37.45982,3.9427110837011696,24.715443,2.748114047470704,11.136807,-1.149686618288575
200365,14,0,780,0,0,33.74278876,22.02964163,13.89308122,37.21273,3.4699416477148404,25.14051,3.110868929082031,12.072774,-1.8203072865893546
200365,14,5,785,0,0,33.83198791,22.08787704,13.92980762,37.045174,3.213185735019529,23.863829,1.7759516190576186,12.135825,-1.7939824628344727
200365,14,10,790,0,0,33.78707946,22.05855768,13.91131725,37.07812,3.2910417253027333,25.406322,3.347764799248047,12.051973,-1.859343907104492
200365,14,15,795,0,0,33.96907843,22.17737928,13.98625256,37.21273,3.2436519777148405,25.019625,2.8422454300830076,12.072774,-1.913478626589356
200365,14,20,800,0,0,33.85411561,22.10232355,13.93891836,37.21273,3.358614797714843,23.973877,1.8715534031249987,12.072774,-1.866144426589356
200365,14,25,805,0,0,33.76888546,22.04667937,13.90382615,37.07812,3.3092357253027345,25.548607,3.501927502558594,12.072774,-1.831052216589356
200365,14,30,810,0,0,33.98593496,22.1883844,13.99319298,36.98014,2.9942057260351547,25.406322,3.2179380792480465,12.078366,-1.914826700397949
200365,14,35,815,0,0,34.25293775,22.36270241,14.10312733,36.822792,2.5698543032226553,24.429226,2.0665235116308587,12.051973,-2.0511539871044917
200365,14,40,820,0,0,33.91663893,22.14314312,13.96466139,37.125546,3.2089065717089866,25.193176,3.0500331495312487,12.083662,-1.8809993569189452
200365,14,45,825,0,0,33.77686687,22.05189019,13.90711237,37.21273,3.4358635377148445,24.950974,2.8990833207421858,12.072774,-1.8343384365893556
200365,14,50,830,0,0,33.61901876,21.94883596,13.84212081,36.822792,3.2037732932226533,25.03356,3.0847238391943357,12.072774,-1.7693468765893563
200365,14,55,835,0,0,33.81346711,22.07578538,13.92218196,37.07812,3.2646540753027367,25.002827,2.927041310673829,12.072774,-1.849408026589355
200365,15,0,840,0,0,31.10510533,22.88051615,14.96681974,35.658245,4.553139756669921,25.97631,3.0957945799804705,12.786921,-2.1798991925146485
200365,15,5,845,0,0,32.38459633,23.8216933,15.58247144,35.692787,3.3081908404101554,25.675705,1.8540116560546878,13.16044,-2.4220309950537118
200365,15,10,850,0,0,33.269453,24.4725825,16.00823725,35.692787,2.4233341704101576,25.663261,1.1906789135742173,13.052922,-2.9553150011596685
200365,15,15,855,0,0,31.3561001,23.06514468,15.0875907,35.658245,4.302144986669923,25.653055,2.5879105110400396,13.128119,-1.959471231311035
200365,15,20,860,0,0,31.56411089,23.21815475,15.18767909,35.56268,3.998568400771486,26.483118,3.2649633072509765,13.230394,-1.9572847265966793
200365,15,25,865,0,0,32.544822,23.93955325,15.65956711,35.636265,3.091442801025387,25.925137,1.98558331616211,13.128119,-2.5314476413110345
200365,15,30,870,0,0,31.4539821,23.13714542,15.1346885,35.658245,4.204262986669921,25.89137,2.75422535331543,13.128119,-2.0065690313110345
200365,15,35,875,0,0,30.68265232,22.56976514,14.76354834,35.56268,4.880026970771485,26.159863,3.5900973783105457,13.337913,-1.4256357804907225
200365,15,40,880,0,0,32.90068997,24.20132516,15.83079983,35.658245,2.75755511666992,25.963104,1.7617790880468753,12.786921,-3.0438792825146486
200365,15,45,885,0,0,30.94740801,22.76451603,14.89094064,35.658245,4.710837076669922,25.653055,2.8885391610400397,12.860416,-2.0305242276464845
200365,15,50,890,0,0,31.93153575,23.48842775,15.36447263,35.714767,3.783231706054689,25.653055,2.1646274410400395,13.052922,-2.311550381159668
200365,15,55,895,0,0,31.8939442,23.46077589,15.34638473,35.58466,3.6907153764160157,26.472912,3.012135944716796,13.230394,-2.11599036659668
200365,16,0,900,0,0,32.17583706,24.93708994,14.0144205,32.951458,0.7756209172949227,25.074577,0.13748739154296885,14.558712,0.5442915056152344
200365,16,5,905,0,0,32.46965524,25.16480649,14.14239515,32.951458,0.4818027372949203,29.577995,4.413188810292969,15.609492,1.4670971519409175
200365,16,10,910,0,0,31.86304271,24.69466638,13.87818064,32.998302,1.1352597497167984,29.577995,4.883328920292968,15.603506,1.7253254482568359
200365,16,15,915,0,0,32.3978784,25.10917762,14.11113222,33.169186,0.7713072384277311,29.577995,4.468817680292968,15.891039,1.7799066746533203
200365,16,20,920,0,0,32.0535462,24.84231143,13.96115582,32.951458,0.8979117772949223,26.093924,1.2516121387255872,14.488214,0.527057719123535
200365,16,25,925,0,0,32.31063802,25.04156411,14.07313404,32.902065,0.5914272570996104,25.493021,0.4514569013525396,14.62972,0.5565856941918952
200365,16,30,930,0,0,32.06107628,24.84814743,13.9644356,32.933422,0.8723458086230451,29.649729,4.801581345024413,15.883434,1.918998695654297
200365,16,35,935,0,0,32.32885215,25.05568052,14.08106734,32.951458,0.6226058272949189,26.611633,1.5559527807812508,14.488214,0.40714619912353456
200365,16,40,940,0,0,32.53214616,25.21323853,14.16961352,32.951458,0.4193118172949184,26.611633,1.3983947707812483,14.751267,0.5816539131665035
200365,16,45,945,0,0,32.24905861,24.9938385,14.04631268,32.998302,0.7492438497167981,28.087029,3.09319000341797,15.86656,1.820247302299805
200365,16,50,950,0,0,32.20470055,24.95945988,14.0269922,32.973003,0.7683028374511736,28.45938,3.4999193161669915,16.024939,1.997946383374023
200365,16,55,955,0,0,32.0691686,24.85441918,13.96796027,33.169186,1.1000170384277368,28.087029,3.232609323417968,15.891039,1.9230786246533196
200365,17,0,960,0,0,26.87005458,26.08969987,19.97323662,28.421616,1.551561020585936,27.067942,0.9782417956494136,20.074411,0.10117477221191251
200365,17,5,965,0,0,27.32320024,26.52968537,20.31007201,26.284197,-1.0390033863623032,26.068352,-0.4613336243945305,20.255598,-0.05447394176269427
200365,17,10,970,0,0,26.78003005,26.00228981,19.90631895,28.440542,1.6605121710693354,27.364267,1.3619775392431634,20.122374,0.2160546309326179
200365,17,15,975,0,0,27.52745738,26.72801051,20.46190186,28.47882,0.9513634207812487,27.215963,0.4879528536474602,19.744305,-0.7175972030175792
200365,17,20,980,0,0,26.68883339,25.91374166,19.83853001,28.47882,1.7899874107812508,27.067942,1.1542000056494146,20.122374,0.2838435709326177
200365,17,25,985,0,0,27.79315781,26.98599452,20.65940416,27.794222,0.0010640680517575163,26.086382,-0.8996126077685531,19.827784,-0.8316205754052746
200365,17,30,990,0,0,25.82636162,25.07631763,19.19743148,28.732122,2.9057608012646483,25.93836,0.8620425842334001,20.253815,1.0563832172656262
200365,17,35,995,0,0,26.54415113,25.77326124,19.73098378,27.794222,1.2500707480517583,25.93836,0.16509897423339837,19.875746,0.14476199331543071
200365,17,40,1000,0,0,26.40259809,25.63581915,19.62576359,28.440542,2.0379441310693345,27.067942,1.4321225156494144,20.122374,0.4966099909326189
200365,17,45,1005,0,0,26.77117341,25.99369038,19.89973557,28.440542,1.6693688110693365,27.364267,1.3705769692431637,20.122374,0.22263801093261648
200365,17,50,1010,0,0,27.12290765,26.33520963,20.16118912,28.47882,1.3559131507812516,27.067942,0.7327320356494127,20.074411,-0.08677772778808546
200365,17,55,1015,0,0,28.13167465,27.31468022,20.91103285,28.440542,0.30886757106933516,27.51229,0.19760882724121132,20.122374,-0.7886592690673844
200365,18,0,1020,0,0,20.84832964,31.2043291,24.36836057,23.510893,2.662563228041993,35.14453,3.940202150000001,24.274246,-0.09411435417968761
200365,18,5,1025,0,0,21.09524259,31.57389122,24.65696229,22.210825,1.1155823764306625,30.21763,-1.356260833647461,23.092611,-1.5643509771337882
200365,18,10,1030,0,0,20.54877991,30.75598391,24.01823488,21.733446,1.18466621121582,30.21763,-0.5383535236474621,23.092611,-0.9256235671337905
200365,18,15,1035,0,0,20.71474786,31.00439318,24.21222484,22.235435,1.5206876258398445,30.21763,-0.7867627936474619,23.107855,-1.1043699968603526
200365,18,20,1040,0,0,21.03970036,31.49075947,24.59204231,22.235435,1.1957351258398425,35.14453,3.6537717799999996,24.293997,-0.29804549908691413
200365,18,25,1045,0,0,20.31919841,30.4123623,23.74989085,22.116222,1.7970239715917984,35.14453,4.732168949999998,24.54976,0.7998699684814454
200365,18,30,1050,0,0,20.44158101,30.59553605,23.89293652,21.763166,1.3215854176123045,35.14453,4.5489952,24.305984,0.41304797707031327
200365,18,35,1055,0,0,20.8430048,31.19635925,24.36213668,21.733446,0.8904413212158211,29.894375,-1.301984402587891,22.83234,-1.5297964395214834
200365,18,40,1060,0,0,20.76314998,31.07683812,24.26879918,22.265156,1.5020058122363267,35.14453,4.0676931299999985,24.305984,0.03718531707031403
200365,18,45,1065,0,0,20.88827116,31.26411079,24.41504582,21.733446,0.8451749612158217,35.14453,3.88042046,24.305984,-0.10906132292968707
200365,18,50,1070,0,0,20.26485141,30.33101949,23.6863679,21.798328,1.5334769896582046,30.084894,-0.24612530970214763,23.060873,-0.6254948683837895
200365,18,55,1075,0,0,20.70514287,30.99001711,24.20099815,22.235435,1.5302926158398442,35.14453,4.15451414,24.305984,0.10498634707031229
200365,19,0,1080,0,0,14.648666,34.07187898,29.6311334,17.289791,2.641125107177734,40.237507,6.165627886455077,25.599903,-4.031230293310546
200365,19,5,1085,0,0,14.82243447,34.47605355,29.98263004,17.289791,2.467356637177735,39.234585,4.758531258349606,25.68563,-4.296999241660156
200365,19,10,1090,0,0,15.0760409,35.06592622,30.49562187,17.31661,2.2405694363037103,40.622253,5.5563271979687485,25.599903,-4.895718763310548
200365,19,15,1095,0,0,14.76533189,34.34323653,29.86712367,17.289791,2.524459217177734,39.275486,4.932249462431642,25.529535,-4.3375883764209
200365,19,20,1100,0,0,14.32240298,33.31301165,28.97117276,17.289791,2.9673881271777347,39.32225,6.0092387162109375,25.669476,-3.30169720458008
200365,19,25,1105,0,0,14.873288,34.59433569,30.08549591,17.289791,2.416503107177734,39.275486,4.681150302431639,25.599903,-4.485592803310546
200365,19,30,1110,0,0,14.06893614,32.72346368,28.4584633,17.289791,3.2208549671777345,39.275486,6.552022312431639,25.669476,-2.7889877445800764
200365,19,35,1115,0,0,14.78556912,34.39030707,29.90805929,17.31661,2.531041216303711,38.65732,4.267011045234376,25.723509,-4.184550455161133
200365,19,40,1120,0,0,14.93471061,34.73720082,30.20974077,17.31661,2.381899726303711,39.470486,4.733284867255861,25.225948,-4.983792436259765
200365,19,45,1125,0,0,14.72307118,34.24494077,29.78163925,17.289791,2.5667199271777346,39.660233,5.415291773945313,26.13633,-3.645309599121095
200365,19,50,1130,0,0,15.00124413,34.89195362,30.34432392,17.289791,2.2885469771777345,40.622253,5.7302997979687476,25.599903,-4.744420813310548
200365,19,55,1135,0,0,14.23550458,33.11089143,28.7953958,16.993208,2.757703351518554,39.749996,6.639104755302732,25.411488,-3.3839082206542983
200365,20,0,1140,0,0,9.031227943,39.60037645,32.58411957,13.24731,4.216081741753419,44.890743,5.2903668056152355,36.2898,3.705679166572267
200365,20,5,1145,0,0,8.920352927,39.11420863,32.18408928,13.326346,4.405993470399903,44.579365,5.465156146611328,37.78074,5.596649550566404
200365,20,10,1150,0,0,8.861866147,38.85775419,31.97307254,13.326346,4.464480250399902,45.55568,6.697925131289061,36.2898,4.316726196572265
200365,20,15,1155,0,0,8.907941155,39.05978515,32.13930836,13.326346,4.418405242399903,44.948456,5.888670660546872,36.2898,4.1504903765722645
200365,20,20,1160,0,0,9.054381282,39.70189985,32.66765541,13.6389885,4.584607212873047,44.35983,4.657929098974613,32.42956,-0.23809379500976746
200365,20,25,1165,0,0,8.99033037,39.42104765,32.43656362,12.108242,3.117911664912109,44.890743,5.469695605615236,36.587276,4.150712838740233
200365,20,30,1170,0,0,8.908399651,39.06179558,32.14096258,12.108242,3.1998423839121095,44.948456,5.886660230546873,36.2898,4.148836156572266
200365,20,35,1175,0,0,8.99326375,39.43391001,32.44714708,12.108242,3.114978284912109,45.55568,6.121769311289064,36.587276,4.140129378740234
200365,20,40,1180,0,0,8.99688387,39.44978361,32.46020825,12.108242,3.11135816491211,44.890743,5.440959645615237,36.2898,3.8295904865722648
200365,20,45,1185,0,0,8.901979895,39.03364606,32.1178005,12.519628,3.617647676105957,44.776524,5.742877530087888,32.72704,0.6092388371582018
200365,20,50,1190,0,0,8.994853224,39.44087958,32.4528818,13.326346,4.3314931733999025,45.126644,5.685764554521484,36.2898,3.8369169365722655
200365,20,55,1195,0,0,8.938119786,39.19211324,32.24819102,12.420884,3.4827643463852542,45.957203,6.7650896713769555,36.587276,4.339085438740234
200365,21,0,1200,0,0,5.48669607,36.86709083,39.21517501,7.417382,1.9306856934582521,44.32054,7.453450551835935,40.03089,0.8157164084570283
200365,21,5,1205,0,0,5.500464808,36.95960795,39.31358459,7.2578473,1.7573825011125486,46.313698,9.354089864941407,37.788948,-1.5246365309179666
200365,21,10,1210,0,0,5.499286342,36.95168941,39.30516172,7.2578473,1.7585609671125484,46.313698,9.362008404941406,37.613132,-1.6920292431933603
200365,21,15,1215,0,0,5.439513804,36.55005616,38.87794824,7.2566457,1.8171318754738772,45.550774,9.000717460605472,40.206707,1.3287587607324198
200365,21,20,1220,0,0,5.406880229,36.33077939,38.64470562,7.1951833,1.7883030481301265,46.313698,9.98291842494141,37.613132,-1.0315731431933628
200365,21,25,1225,0,0,5.47763635,36.8062153,39.15042229,7.2578473,1.7802109591125488,46.480736,9.674520478808596,37.497368,-1.6530544311132829
200365,21,30,1230,0,0,5.493150025,36.91045728,39.2613035,7.2578473,1.7646972841125486,46.313698,9.403240534941403,38.715767,-0.5455365932617156
200365,21,35,1235,0,0,5.474543812,36.78543542,39.12831893,7.1951833,1.7206394651301267,46.480736,9.695300358808595,37.613132,-1.5151864531933583
200365,21,40,1240,0,0,5.4467586,36.59873656,38.92972912,7.5289235,2.082164911505127,44.86782,8.269084179746095,38.53995,-0.3897777955371069
200365,21,45,1245,0,0,5.485344777,36.858011,39.20551689,7.1951833,1.709838500130127,46.480736,9.622724778808596,38.53995,-0.6655655655371078
200365,21,50,1250,0,0,5.364478728,36.04586841,38.34164851,7.1951833,1.830704549130127,46.313698,10.26782940494141,38.53995,0.19830281446289177
200365,21,55,1255,0,0,5.488446454,36.87885229,39.22768557,7.1951833,1.706736823130127,46.313698,9.434845524941409,38.53995,-0.6877342455371078
200365,22,0,1260,0,0,4.279963362,40.57268972,32.7392753,4.755479,0.47551549694775375,44.6003,4.0276101152050785,38.666767,5.927491820361325
200365,22,5,1265,0,0,4.406786726,41.77493482,33.7094016,4.7474494,0.3406626720407715,45.995808,4.2208728277050795,39.01148,5.302076824072266
200365,22,10,1270,0,0,4.315172417,40.90646035,33.00860446,4.753595,0.43842245833569304,43.6375,2.73104041293945,39.436363,6.427758760214843
200365,22,15,1275,0,0,4.357745642,41.31004097,33.33426532,4.65959,0.30184412545605444,45.17291,3.8628678129589815,38.663223,5.328957946601562
200365,22,20,1280,0,0,4.355940234,41.29292627,33.32045497,4.65959,0.3036495334560545,43.69548,2.402554076679685,39.68093,6.360476121308594
200365,22,25,1285,0,0,4.263817283,40.41963004,32.61576701,4.598769,0.33495190492724625,45.162823,4.743192683388671,38.18999,5.574223987314454
200365,22,30,1290,0,0,4.227398363,40.07439027,32.33718307,5.0100775,0.782679113501465,45.177113,5.102722309345701,38.353123,6.015939641181639
200365,22,35,1295,0,0,4.389872804,41.61459623,33.58001975,4.5280976,0.1382248255471188,45.162823,3.5482264933886754,37.56327,3.983250818847658
200365,22,40,1300,0,0,4.330981379,41.05632428,33.12953399,4.598769,0.2677878089272463,44.71424,3.657916747832033,38.654133,5.524598853017579
200365,22,45,1305,0,0,4.326340561,41.01233079,33.09403438,4.598769,0.2724286269272458,44.810673,3.7983419700097656,37.438076,4.344041639287113
200365,22,50,1310,0,0,4.388580919,41.60234958,33.57013758,4.590761,0.202180265692383,45.162823,3.56047314338867,38.818783,5.248645226396484
200365,22,55,1315,0,0,4.359400309,41.32572668,33.34692257,4.603068,0.24366756590844751,43.59432,2.2685917098925756,39.64963,6.302708930244144
200365,23,0,1320,0,0,4.501049153,35.71388164,31.6295058,4.0172853,-0.483763806015137,37.969967,2.2560852484277376,25.640362,-5.989144014111329
200365,23,5,1325,0,0,4.351355284,34.52612542,30.57758593,4.0172853,-0.334069937015137,37.73964,3.213513862226563,25.640362,-4.93722414411133
200365,23,10,1330,0,0,4.428813438,35.14072243,31.12189527,4.2661495,-0.16266391712597628,37.969967,2.8292444584277376,25.640362,-5.481533484111328
200365,23,15,1335,0,0,4.498953946,35.69725708,31.61478249,4.281645,-0.21730912483300813,38.360382,2.663125000078125,29.15118,-2.4636022226660153
200365,23,20,1340,0,0,4.327936477,34.3403073,30.41301867,4.0172853,-0.31065113001513645,38.10649,3.7661837888671883,28.812546,-1.600472893632812
200365,23,25,1345,0,0,4.297428866,34.09824258,30.1986374,4.0905905,-0.20683838901025364,38.197495,4.09925192683594,26.498974,-3.699663553564452
200365,23,30,1350,0,0,4.373489511,34.70175095,30.73312625,4.0327806,-0.3407088637221678,38.12137,3.4196174582031276,29.233784,-1.4993425280761734
200365,23,35,1355,0,0,4.385230562,34.79491113,30.81563227,4.0327806,-0.35244991472216824,37.625385,2.8304741544238254,30.134974,-0.6806587439990217
200365,23,40,1360,0,0,4.401987499,34.92787019,30.93338562,4.0327806,-0.3692068517221676,38.33346,3.4055915714746092,30.134974,-0.7984120939990227
200365,23,45,1365,0,0,4.451236232,35.31863762,31.2794634,4.0172853,-0.433950885015137,37.969967,2.6513292684277374,25.17281,-6.106653799169923
200365,23,50,1370,0,0,4.428569244,35.13878486,31.12017929,4.0905905,-0.3379787670102541,37.642788,2.504003073349608,26.498974,-4.6212054435644525
200365,23,55,1375,0,0,4.610749788,36.58430881,32.4003876,4.0327806,-0.5779691407221677,38.76807,2.1837614109472625,29.037525,-3.362862422998049
200365,24,0,1380,0,0,4.293036778,26.70578238,24.66821371,4.3082476,0.015210788223144256,31.020376,4.314593825444337,24.347418,-0.3207958785791014
200365,24,5,1385,0,0,4.160509553,25.88136754,23.90669917,4.249503,0.08899358268115254,31.344349,5.462981367470704,24.365072,0.4583730803662114
200365,24,10,1390,0,0,4.266190898,26.53878166,24.51395463,4.249503,-0.016687762318847277,31.098885,4.56010292251953,24.262766,-0.25118874560058657
200365,24,15,1395,0,0,4.20058798,26.13068424,24.13699377,4.3683867,0.16779876545288097,30.512106,4.38142170177246,23.812925,-0.32406843125488294
200365,24,20,1400,0,0,4.248480874,26.42861255,24.41219107,4.0156183,-0.23286254972021503,30.35241,3.9237968127929683,24.19382,-0.21837011663085804
200365,24,25,1405,0,0,4.225884385,26.28804611,24.28234942,4.249503,0.02361875068115271,30.35241,4.064363252792969,24.091515,-0.19083483259765543
200365,24,30,1410,0,0,4.079110533,25.37500698,23.43897236,4.249503,0.17039260268115264,29.949928,4.574921303691408,24.176167,0.7371941744238271
200365,24,35,1415,0,0,4.153201521,25.83590632,23.8647065,4.3683867,0.21518522445288113,31.098885,5.262978262519532,24.347418,0.48271133142089795
200365,24,40,1420,0,0,4.213890226,26.21343379,24.2134298,4.249503,0.03561290968115216,31.344349,5.130915117470703,24.81923,0.6057993259765624
200365,24,45,1425,0,0,4.256271489,26.47707579,24.45695672,4.249503,-0.006768353318848064,31.098885,4.621808792519531,24.347418,-0.10953888857910243
200365,24,50,1430,0,0,4.125621178,25.66433671,23.70622712,4.249503,0.12388195768115207,30.35241,4.688072652792968,24.176167,0.4699394144238269
200365,24,55,1435,0,0,4.300814584,26.75416594,24.71290575,4.2817273,-0.019087270004638945,31.422857,4.668691344545898,24.365072,-0.34783349963378996
